{
  "displayName": "Bren LMG",
  "internalName": "w44.bren",
  "iconName": "w44.bren",
  "gunDamage": 13,
  "roundsPerMin": 500,
  "acceptedAmmo": ["w44.brenammo"],
  "fireModes": ["full"],
  
  "recoilPitch": 5.0,
  "recoilYaw": 1.0,
  "randomRecoilPitch": 0.5,
  "randomRecoilYaw": 0.5,
  
  "modelName": "w44.bren",
  "weaponSoundMap": {
    "weaponFire": [
        {
            "soundEvent": "weaponFire",
            "soundName": "brenshoot",
            "soundRange": 64,
            "soundMaxRange": 96,
            "soundFadeMultiplier": 1
        }
    ],
    "weaponReload": [
      {
        "soundEvent": "weaponReload",
        "soundName": "mg26treload"
      }
    ]
  },
  "acceptedAttachments": 
  {
    "sight": [""]
  },
  "modelSkins":
  [
    {
      "skinAsset": "w44.skin_bren",
      "displayName": "Bren LMG - Default"
    }
  ]
}
