{
  "displayName": "Mauser C-96",
  "internalName": "w44.c-96",
  "iconName": "w44.c-96",
  "gunDamage": 8,
  "roundsPerMin": 300,
  "acceptedAmmo": ["w44.c-96ammo"],
  "fireModes": ["semi"],
  
  "recoilPitch": 10.0,
  "recoilYaw": 1.0,
  "randomRecoilPitch": 0.5,
  "randomRecoilYaw": 0.5,
  
  "modelName": "w44.c96",
  "weaponSounds": [
    {
      "soundEvent": "weaponFire",
      "soundName": "c96shoot",
      "soundNameDistant": "shoot.mwp.ak1.far",
      "soundRange": 64,
      "soundMaxRange": 96,
      "soundFadeMultiplier": 1
    },
    {
      "soundEvent": "weaponReload",
      "soundName": "c-96reload"
    }
  ],
  "acceptedAttachments": 
  {
    "sight": [""]
  },
  "modelSkins":
  [
    {
      "skinAsset": "w44.skin_c-96",
      "displayName": "Mauser C-96 - Default"
    }
  ]
}
