{
  "displayName": "DP-28",
  "internalName": "w44.dp-28",
  "iconName": "w44.dp-28",
  "gunDamage": 10,
  "roundsPerMin": 550,
  "acceptedAmmo": ["w44.dp-28ammo"],
  "fireModes": ["full"],
  
  "recoilPitch": 5.0,
  "recoilYaw": 1.0,
  "randomRecoilPitch": 0.5,
  "randomRecoilYaw": 0.5,
  
  "modelName": "w44.dp28",
  "weaponSoundMap": {
    "weaponFire": [
        {
            "soundEvent": "weaponFire",
            "soundName": "dp28shoot",
            "soundRange": 64,
            "soundMaxRange": 96,
            "soundFadeMultiplier": 1
        }
    ],
    "weaponReload": [
      {
        "soundEvent": "weaponReload",
        "soundName": "mg34reload"
      }
    ]
},
  "acceptedAttachments": 
  {
    "sight": [""]
  },
  "modelSkins":
  [
    {
      "skinAsset": "w44.skin_dp-28",
      "displayName": "DP-28 - Default"
    }
  ]
}
