{
  "displayName": "DT-28",
  "internalName": "w44.dt-28",
  "iconName": "w44.dt-28",
  "gunDamage": 5,
  "roundsPerMin": 550,
  "acceptedAmmo": ["w44.dt-28ammo"],
  "fireModes": ["full"],
  
  "recoilPitch": 10.0,
  "recoilYaw": 1.0,
  "randomRecoilPitch": 0.5,
  "randomRecoilYaw": 0.5,
  
  "modelName": "w44.dt28",
  "weaponSounds": [
    {
      "soundEvent": "weaponFire",
      "soundName": "shoot_mg_dt28",
      "soundNameDistant": "shoot.mwp.ak1.far",
      "soundRange": 64,
      "soundMaxRange": 96,
      "soundFadeMultiplier": 1
    },
    {
      "soundEvent": "weaponReload",
      "soundName": "mg34reload"
    }
  ],
  "acceptedAttachments": 
  {
    "sight": [""]
  },
  "modelSkins":
  [
    {
      "skinAsset": "w44.skin_dt-28",
      "displayName": "DT-28 - Default"
    }
  ]
}
