{
  "displayName": "Enfield Mk II Revolver",
  "internalName": "w44.enfieldmkii",
  "iconName": "w44.enfieldmkii",
  "gunDamage": 8,
  "roundsPerMin": 250,
  "acceptedAmmo": ["w44.enfieldmkiiammo"],
  "fireModes": ["semi"],
  
  "recoilPitch": 10.0,
  "recoilYaw": 1.0,
  "randomRecoilPitch": 0.5,
  "randomRecoilYaw": 0.5,
  
  "modelName": "w44.enfieldmkii",
  "weaponSoundMap": {
    "weaponFire": [
        {
            "soundEvent": "weaponFire",
            "soundName": "type99shoot",
            "soundRange": 64,
            "soundMaxRange": 96,
            "soundFadeMultiplier": 1
        }
    ],
    "weaponReload": [
      {
        "soundEvent": "weaponReload",
        "soundName": "webleyreload"
      }
    ]
  },
  "acceptedAttachments": 
  {
    "sight": [""]
  },
  "modelSkins":
  [
    {
      "skinAsset": "w44.skin_enfieldmkii",
      "displayName": "Enfield Mk II Revolver - Default"
    }
  ]
}
