{
  "displayName": "FG-42",
  "internalName": "w44.fg-42",
  "iconName": "w44.fg-42",
  "gunDamage": 16,
  "roundsPerMin": 800,
  "acceptedAmmo": ["w44.fg-42ammo"],
  "fireModes": ["full", "semi"],
  
  "recoilPitch": 10.0,
  "recoilYaw": 1.0,
  "randomRecoilPitch": 0.5,
  "randomRecoilYaw": 0.5,
  
  "modelName": "w44.fg42",
  "weaponSoundMap": {
    "weaponFire": [
        {
            "soundEvent": "weaponFire",
            "soundName": "fg42shoot",
            "soundRange": 64,
            "soundMaxRange": 96,
            "soundFadeMultiplier": 1
        }
    ],
    "weaponReload": [
      {
        "soundEvent": "weaponReload",
        "soundName": "fg42reload"
      }
    ]
},
  "acceptedAttachments": 
  {
    "sight": [""]
  },
  "modelSkins":
  [
    {
      "skinAsset": "w44.skin_fg-42",
      "displayName": "FG-42 - Default"
    }
  ]
}
