{
  "displayName": "FG-42",
  "internalName": "w44.fg-42",
  "iconName": "w44.fg-42",
  "gunDamage": 12,
  "roundsPerMin": 800,
  "acceptedAmmo": ["w44.fg-42ammo"],
  "fireModes": ["full", "semi"],
  
  "recoilPitch": 10.0,
  "recoilYaw": 1.0,
  "randomRecoilPitch": 0.5,
  "randomRecoilYaw": 0.5,
  
  "modelName": "w44.fg42",
  "weaponSounds": [
    {
      "soundEvent": "weaponFire",
      "soundName": "fg42shoot",
      "soundNameDistant": "shoot.mwp.ak1.far",
      "soundRange": 64,
      "soundMaxRange": 96,
      "soundFadeMultiplier": 1
    },
    {
      "soundEvent": "weaponReload",
      "soundName": "fg42reload"
    }
  ],
  "acceptedAttachments": 
  {
    "sight": [""]
  },
  "modelSkins":
  [
    {
      "skinAsset": "w44.skin_fg-42",
      "displayName": "FG-42 - Default"
    }
  ]
}
