{
  "displayName": "Gewehr-43",
  "internalName": "w44.g-43",
  "iconName": "w44.g-43",
  "gunDamage": 10,
  "roundsPerMin": 400,
  "acceptedAmmo": ["w44.g-43ammo"],
  "fireModes": ["semi"],
  
  "recoilPitch": 10.0,
  "recoilYaw": 1.0,
  "randomRecoilPitch": 0.5,
  "randomRecoilYaw": 0.5,
  
  "modelName": "w44.g43",
  "weaponSounds": [
    {
      "soundEvent": "weaponFire",
      "soundName": "g43shoot",
      "soundNameDistant": "shoot.mwp.ak1.far",
      "soundRange": 64,
      "soundMaxRange": 96,
      "soundFadeMultiplier": 1
    },
    {
      "soundEvent": "weaponReload",
      "soundName": "g43reload"
    }
  ],
  "acceptedAttachments": 
  {
    "sight": [""]
  },
  "modelSkins":
  [
    {
      "skinAsset": "w44.skin_g-43",
      "displayName": "Gewehr-43 - Default"
    }
  ]
}
