{
  "displayName": "Lee-Enfield No.4",
  "internalName": "w44.leeenfield4",
  "iconName": "w44.leeenfield4",
  "weaponType": "boltsniper",
  "gunDamage": 17,
  "roundsPerMin": 40,
  "acceptedAmmo": ["w44.leeenfieldammo"],
  "fireModes": ["semi"],
  "recoilPitch": 10.0,
  "recoilYaw": 1.0,
  "randomRecoilPitch": 0.5,
  "randomRecoilYaw": 0.5,
  "modelName": "w44.leeenfield4",
  "weaponSounds": [
    {
      "soundEvent": "weaponFire",
      "soundName": "leeenfield4shoot",
      "soundNameDistant": "shoot.mwp.ak1.far",
      "soundRange": 64,
      "soundMaxRange": 96,
      "soundFadeMultiplier": 1
    },
    {
      "soundEvent": "weaponReload",
      "soundName": "leeenfieldreload"
    }
  ],
  "weaponSoundMap": {
    "weaponFire": [
        {
            "soundEvent": "weaponFire",
            "soundName": "leeenfieldshoot",
            "soundRange": 64,
            "soundMaxRange": 96,
            "soundFadeMultiplier": 1
        }
    ],
    "weaponReload": [
      {
        "soundEvent": "weaponReload",
        "soundName": "leeenfieldreload"
      }
    ]
  },
  "acceptedAttachments": 
  {
    "sight": [""]
  },
  "modelSkins":
  [
    {
      "skinAsset": "w44.skin_leeenfield4",
      "displayName": "Lee-Enfield No.4 - Default"
    }
  ]
}
