{
  "displayName": "Mauser M-712",
  "internalName": "w44.m-712",
  "iconName": "w44.m-712",
  "gunDamage": 8,
  "roundsPerMin": 1000,
  "acceptedAmmo": ["w44.m-712ammo"],
  "fireModes": ["full", "semi"],
  
  "recoilPitch": 10.0,
  "recoilYaw": 1.0,
  "randomRecoilPitch": 0.5,
  "randomRecoilYaw": 0.5,
  
  "modelName": "w44.m712",
  "weaponSounds": [
    {
      "soundEvent": "weaponFire",
      "soundName": "c96shoot",
      "soundNameDistant": "shoot.mwp.ak1.far",
      "soundRange": 64,
      "soundMaxRange": 96,
      "soundFadeMultiplier": 1
    },
    {
      "soundEvent": "weaponReload",
      "soundName": "m-712reload"
    }
  ],
  "acceptedAttachments": 
  {
    "sight": [""]
  },
  "modelSkins":
  [
    {
      "skinAsset": "w44.skin_m-712",
      "displayName": "Mauser m-712 - Default"
    }
  ]
}
