{
  "displayName": "M1903 Springfield",
  "internalName": "w44.m1903springfield",
  "iconName": "w44.m1903springfield",
  "weaponType": "boltsniper",
  "gunDamage": 18,
  "roundsPerMin": 30,
  "acceptedAmmo": ["w44.m1903springfieldammo"],
  "fireModes": ["semi"],
  "recoilPitch": 14.0,
  "recoilYaw": 1.0,
  "randomRecoilPitch": 0.5,
  "randomRecoilYaw": 0.5,
  "modelName": "w44.m1903springfield",
  "weaponSoundMap": {
    "weaponFire": [
        {
            "soundEvent": "weaponFire",
            "soundName": "m1903springfieldshoot",
            "soundRange": 64,
            "soundMaxRange": 96,
            "soundFadeMultiplier": 1
        }
    ],
    "weaponReload": [
      {
        "soundEvent": "weaponReload",
        "soundName": "m1903springfieldreload"
      }
    ]
  },
  "acceptedAttachments": 
  {
    "sight": [""]
  },
  "modelSkins":
  [
    {
      "skinAsset": "w44.skin_m1903springfield",
      "displayName": "M1903 Springfield - Default"
    }
  ]
}
