{
  "displayName": "M1903 Springfield",
  "internalName": "w44.m1903springfield",
  "iconName": "w44.m1903springfield",
  "weaponType": "boltsniper",
  "gunDamage": 18,
  "roundsPerMin": 40,
  "acceptedAmmo": ["w44.m1903springfieldammo"],
  "fireModes": ["semi"],
  "recoilPitch": 10.0,
  "recoilYaw": 1.0,
  "randomRecoilPitch": 0.5,
  "randomRecoilYaw": 0.5,
  "modelName": "w44.m1903springfield",
  "weaponSounds": [
    {
      "soundEvent": "weaponFire",
      "soundName": "m1903springfieldshoot",
      "soundNameDistant": "shoot.mwp.ak1.far",
      "soundRange": 64,
      "soundMaxRange": 96,
      "soundFadeMultiplier": 1
    },
    {
      "soundEvent": "weaponReload",
      "soundName": "m1903springfieldreload"
    }
  ],
  "acceptedAttachments": 
  {
    "sight": [""]
  },
  "modelSkins":
  [
    {
      "skinAsset": "w44.skin_m1903springfield",
      "displayName": "M1903 Springfield - Default"
    }
  ]
}
