{
  "displayName": "M-1911 Colt",
  "internalName": "w44.m1911colt",
  "iconName": "w44.m1911colt",
  "gunDamage": 9,
  "roundsPerMin": 250,
  "acceptedAmmo": ["w44.m1911coltammo"],
  "fireModes": ["semi"],
  
  "recoilPitch": 8.0,
  "recoilYaw": 1.0,
  "randomRecoilPitch": 0.5,
  "randomRecoilYaw": 0.5,
  
  "modelName": "w44.m1911colt",
  "weaponSoundMap": {
    "weaponFire": [
        {
            "soundEvent": "weaponFire",
            "soundName": "coltshoot",
            "soundRange": 64,
            "soundMaxRange": 96,
            "soundFadeMultiplier": 1
        }
    ],
    "weaponReload": [
      {
        "soundEvent": "weaponReload",
        "soundName": "m1911coltreload"
      }
    ]
  },
  "acceptedAttachments": 
  {
    "sight": [""]
  },
  "modelSkins":
  [
    {
      "skinAsset": "w44.skin_m1911colt",
      "displayName": "M-1911 Colt - Default"
    }
  ]
}
