{
  "displayName": "M1919A4 Browning .30 Cal",
  "internalName": "w44.m1919a4",
  "iconName": "w44.m1919a4",
  "gunDamage": 5,
  "roundsPerMin": 500,
  "acceptedAmmo": ["w44.m1919ammo"],
  "fireModes": ["full"],
  
  "recoilPitch": 10.0,
  "recoilYaw": 1.0,
  "randomRecoilPitch": 0.5,
  "randomRecoilYaw": 0.5,
  
  "modelName": "w44.m1919a4",
  "weaponSounds": [
    {
      "soundEvent": "weaponFire",
      "soundName": "30calshoot",
      "soundNameDistant": "shoot.mwp.ak1.far",
      "soundRange": 64,
      "soundMaxRange": 96,
      "soundFadeMultiplier": 1
    },
    {
      "soundEvent": "weaponReload",
      "soundName": "mg34reload"
    }
  ],
  "acceptedAttachments": 
  {
    "sight": [""]
  },
  "modelSkins":
  [
    {
      "skinAsset": "w44.skin_m1919",
      "displayName": "M1919a4 Browning .30 Cal - Default"
    }
  ]
}
