{
  "displayName": "M1918 BAR",
  "internalName": "w44.m1918bar",
  "iconName": "w44.m1918bar",
  "gunDamage": 15,
  "roundsPerMin": 500,
  "acceptedAmmo": ["w44.m1918barammo"],
  "fireModes": ["full", "semi"],
  
  "recoilPitch": 9.0,
  "recoilYaw": 1.0,
  "randomRecoilPitch": 0.5,
  "randomRecoilYaw": 0.5,
  
  "modelName": "w44.m1918bar",
  "weaponSoundMap": {
    "weaponFire": [
        {
            "soundEvent": "weaponFire",
            "soundName": "barshoot",
            "soundRange": 64,
            "soundMaxRange": 96,
            "soundFadeMultiplier": 1
        }
    ],
    "weaponReload": [
      {
        "soundEvent": "weaponReload",
        "soundName": "stg44reload"
      }
    ]
  },
  "acceptedAttachments": 
  {
    "sight": [""]
  },
  "modelSkins":
  [
    {
      "skinAsset": "w44.skin_m1918bar",
      "displayName": "M1918 BAR - Default"
    }
  ]
}
