{
  "displayName": "M1A1 Thompson",
  "internalName": "w44.m1a1thompson",
  "iconName": "w44.m1a1thompson",
  "gunDamage": 8,
  "roundsPerMin": 450,
  "acceptedAmmo": ["w44.m1a1thompsonstickammo","w44.m1a1thompsondrumammo"],
  "fireModes": ["full", "semi"],
  "dynamicAmmo": true,
  "recoilPitch": 10.0,
  "recoilYaw": 1.0,
  "randomRecoilPitch": 0.5,
  "randomRecoilYaw": 0.5,
  
  "modelName": "w44.m1a1thompson",
  "weaponSounds": [
    {
      "soundEvent": "weaponFire",
      "soundName": "thompsonm1a1shoot",
      "soundNameDistant": "shoot.mwp.ak1.far",
      "soundRange": 64,
      "soundMaxRange": 96,
      "soundFadeMultiplier": 1
    },
    {
      "soundEvent": "weaponReload",
      "soundName": "stg44reload"
    }
  ],
  "acceptedAttachments": 
  {
    "sight": [""]
  },
  "modelSkins":
  [
    {
      "skinAsset": "w44.skin_m1a1thompson",
      "displayName": "M1A1 Thompson - Default"
    }
  ]
}
