{
  "displayName": "M1A1 Carbine",
  "internalName": "w44.m1a1carbine",
  "iconName": "w44.m1a1carbine",
  "gunDamage": 10,
  "roundsPerMin": 300,
  "acceptedAmmo": ["w44.m1a1carbineammo"],
  "fireModes": ["semi"],
  
  "recoilPitch": 6.0,
  "recoilYaw": 1.0,
  "randomRecoilPitch": 0.5,
  "randomRecoilYaw": 0.5,
  
  "modelName": "w44.m1a1carbine",
  "weaponSoundMap": {
    "weaponFire": [
        {
            "soundEvent": "weaponFire",
            "soundName": "m1carbineshoot",
            "soundRange": 64,
            "soundMaxRange": 96,
            "soundFadeMultiplier": 1
        }
    ],
    "weaponReload": [
      {
        "soundEvent": "weaponReload",
        "soundName": "g43reload"
      }
    ]
  },
  "acceptedAttachments": 
  {
    "sight": [""]
  },
  "modelSkins":
  [
    {
      "skinAsset": "w44.skin_m1a1carbine",
      "displayName": "M1A1 Carbine - Default"
    }
  ]
}
