{
  "displayName": "M1 Garand",
  "internalName": "w44.m1garand",
  "iconName": "w44.m1garand",
  "gunDamage": 10,
  "roundsPerMin": 250,
  "acceptedAmmo": ["w44.m1garandammo"],
  "fireModes": ["semi"],
  
  "recoilPitch": 10.0,
  "recoilYaw": 1.0,
  "randomRecoilPitch": 0.5,
  "randomRecoilYaw": 0.5,
  
  "modelName": "w44.m1garand",
  "weaponSoundMap": {
    "weaponFire": [
      {
        "soundEvent": "weaponFire",
        "soundName": "m1garandshoot",
        "soundNameDistant": "shoot.mwp.ak1.far",
        "soundRange": 64,
        "soundMaxRange": 96,
        "soundFadeMultiplier": 1
      }
    ],
    "weaponReloadEmpty": [
      {
        "soundEvent": "weaponReloadEmpty",
        "soundName": "m1garandreload",
        "soundNameDistant": "shoot.mwp.ak1.far",
        "soundRange": 64,
        "soundMaxRange": 96,
        "soundFadeMultiplier": 1
      }
    ],
    "weaponReload": [
      {
        "soundEvent": "weaponReload",
        "soundName": "m1garandreload",
        "soundNameDistant": "shoot.mwp.ak1.far",
        "soundRange": 64,
        "soundMaxRange": 96,
        "soundFadeMultiplier": 1
      }
    ],
    "weaponUnload": [
      {
        "soundEvent": "weaponUnload",
        "soundName": "m1garandreload",
        "soundNameDistant": "shoot.mwp.ak1.far",
        "soundRange": 64,
        "soundMaxRange": 96,
        "soundFadeMultiplier": 1
      }
    ],
    "weaponLoad": [
      {
        "soundEvent": "weaponLoad",
        "soundName": "m1garandreload",
        "soundNameDistant": "shoot.mwp.ak1.far",
        "soundRange": 64,
        "soundMaxRange": 96,
        "soundFadeMultiplier": 1
      }
    ]
  },
  "acceptedAttachments": 
  {
    "sight": [""]
  },
  "modelSkins":
  [
    {
      "skinAsset": "w44.skin_m1garand",
      "displayName": "M1 Garand - Default"
    }
  ]
}
