{
  "displayName": "M3A1 Submachine gun 'Greasegun'",
  "internalName": "w44.m3a1greasegun",
  "iconName": "w44.m3a1greasegun",
  "gunDamage": 6,
  "roundsPerMin": 450,
  "acceptedAmmo": ["w44.m3a1greasegunammo"],
  "fireModes": ["full", "semi"],
  
  "recoilPitch": 6.0,
  "recoilYaw": 1.0,
  "randomRecoilPitch": 0.5,
  "randomRecoilYaw": 0.5,
  
  "modelName": "w44.m3a1greasegun",
  "weaponSoundMap": {
    "weaponFire": [
        {
            "soundEvent": "weaponFire",
            "soundName": "greasegunshoot",
            "soundRange": 64,
            "soundMaxRange": 96,
            "soundFadeMultiplier": 1
        }
    ],
    "weaponReload": [
      {
        "soundEvent": "weaponReload",
        "soundName": "stg44reload"
      }
    ]
  },
  "acceptedAttachments": 
  {
    "sight": [""]
  },
  "modelSkins":
  [
    {
      "skinAsset": "w44.skin_m3a1greasegun",
      "displayName": "M3A1 Submachine gun 'Greasegun' - Default"
    }
  ]
}
