{
  "displayName": "MG-15",
  "internalName": "w44.mg-15",
  "iconName": "w44.mg-15",
  "gunDamage": 5,
  "roundsPerMin": 1000,
  "acceptedAmmo": ["w44.mg-15ammo"],
  "fireModes": ["full"],
  
  "recoilPitch": 10.0,
  "recoilYaw": 1.0,
  "randomRecoilPitch": 0.5,
  "randomRecoilYaw": 0.5,
  
  "modelName": "w44.mg15",
  "weaponSounds": [
    {
      "soundEvent": "weaponFire",
      "soundName": "planemgshoot",
      "soundNameDistant": "shoot.mwp.ak1.far",
      "soundRange": 64,
      "soundMaxRange": 96,
      "soundFadeMultiplier": 1
    },
    {
      "soundEvent": "weaponReload",
      "soundName": "mg15reload"
    }
  ],
  "acceptedAttachments": 
  {
    "sight": [""]
  },
  "modelSkins":
  [
    {
      "skinAsset": "w44.skin_mg-15",
      "displayName": "MG-15 - Default"
    }
  ]
}
