{
  "displayName": "MG-15",
  "internalName": "w44.mg-15",
  "iconName": "w44.mg-15",
  "gunDamage": 12,
  "roundsPerMin": 1000,
  "acceptedAmmo": ["w44.mg-15ammo"],
  "fireModes": ["full"],
  
  "recoilPitch": 6.0,
  "recoilYaw": 1.0,
  "randomRecoilPitch": 0.5,
  "randomRecoilYaw": 0.5,
  
  "modelName": "w44.mg15",
  "weaponSoundMap": {
    "weaponFire": [
        {
            "soundEvent": "weaponFire",
            "soundName": "planemgshoot",
            "soundRange": 64,
            "soundMaxRange": 96,
            "soundFadeMultiplier": 1
        }
    ],
    "weaponReload": [
      {
        "soundEvent": "weaponReload",
        "soundName": "mg15reload"
      }
    ]
  },
  "acceptedAttachments": 
  {
    "sight": [""]
  },
  "modelSkins":
  [
    {
      "skinAsset": "w44.skin_mg-15",
      "displayName": "MG-15 - Default"
    }
  ]
}
