{
  "displayName": "MG-42",
  "internalName": "w44.mg-42",
  "iconName": "w44.mg-42",
  "gunDamage": 5,
  "roundsPerMin": 1200,
  "acceptedAmmo": ["w44.mg-42ammo"],
  "fireModes": ["full"],
  
  "recoilPitch": 10.0,
  "recoilYaw": 1.0,
  "randomRecoilPitch": 0.5,
  "randomRecoilYaw": 0.5,
  
  "modelName": "w44.mg42",
  "weaponSounds": [
    {
      "soundEvent": "weaponFire",
      "soundName": "mg42shoot",
      "soundNameDistant": "shoot.mwp.ak1.far",
      "soundRange": 64,
      "soundMaxRange": 96,
      "soundFadeMultiplier": 1
    },
    {
      "soundEvent": "weaponReload",
      "soundName": "mg42reload"
    }
  ],
  "acceptedAttachments": 
  {
    "sight": [""]
  },
  "modelSkins":
  [
    {
      "skinAsset": "w44.skin_mg-42",
      "displayName": "MG-42 - Default"
    }
  ]
}
