{
  "displayName": "Modell 1915",
  "internalName": "w44.modell1915",
  "iconName": "w44.modell1915",
  "gunDamage": 10,
  "roundsPerMin": 257,
  "acceptedAmmo": ["w44.modell1915ammo"],
  "fireModes": ["semi", "full"],
  
  "recoilPitch": 10.0,
  "recoilYaw": 1.0,
  "randomRecoilPitch": 0.5,
  "randomRecoilYaw": 0.5,
  
  "modelName": "w44.modell1915",
  "weaponSounds": [
    {
      "soundEvent": "weaponFire",
      "soundName": "modell1915shoot",
      "soundNameDistant": "shoot.mwp.ak1.far",
      "soundRange": 64,
      "soundMaxRange": 96,
      "soundFadeMultiplier": 1
    },
    {
      "soundEvent": "weaponReload",
      "soundName": "g43reload"
    }
  ],
  "acceptedAttachments": 
  {
    "sight": [""]
  },
  "modelSkins":
  [
    {
      "skinAsset": "w44.skin_modell1915",
      "displayName": "Modell 1915 - Default"
    }
  ]
}
