{
  "displayName": "Modell 1915",
  "internalName": "w44.modell1915",
  "iconName": "w44.modell1915",
  "gunDamage": 14,
  "roundsPerMin": 257,
  "acceptedAmmo": ["w44.modell1915ammo"],
  "fireModes": ["semi", "full"],
  
  "recoilPitch": 8.0,
  "recoilYaw": 1.0,
  "randomRecoilPitch": 0.5,
  "randomRecoilYaw": 0.5,
  
  "modelName": "w44.modell1915",
  "weaponSoundMap": {
    "weaponFire": [
        {
            "soundEvent": "weaponFire",
            "soundName": "modell1915shoot",
            "soundRange": 64,
            "soundMaxRange": 96,
            "soundFadeMultiplier": 1
        }
    ],
    "weaponReload": [
      {
        "soundEvent": "weaponReload",
        "soundName": "g43reload"
      }
    ]
  },
  "acceptedAttachments": 
  {
    "sight": [""]
  },
  "modelSkins":
  [
    {
      "skinAsset": "w44.skin_modell1915",
      "displayName": "Modell 1915 - Default"
    }
  ]
}
