{
  "displayName": "MP-40",
  "internalName": "w44.mp-40",
  "iconName": "w44.mp-40",
  "gunDamage": 8,
  "roundsPerMin": 450,
  "acceptedAmmo": ["w44.mp-40ammo"],
  "fireModes": ["full", "semi"],
  
  "recoilPitch": 10.0,
  "recoilYaw": 1.0,
  "randomRecoilPitch": 0.5,
  "randomRecoilYaw": 0.5,
  
  "modelName": "w44.mp40",
  "weaponSounds": [
    {
      "soundEvent": "weaponFire",
      "soundName": "mp40shoot",
      "soundNameDistant": "shoot.mwp.ak1.far",
      "soundRange": 64,
      "soundMaxRange": 96,
      "soundFadeMultiplier": 1
    },
    {
      "soundEvent": "weaponReload",
      "soundName": "stg44reload"
    }
  ],
  "acceptedAttachments": 
  {
    "sight": [""]
  },
  "modelSkins":
  [
    {
      "skinAsset": "w44.skin_mp-40",
      "displayName": "MP-40 - Default"
    }
  ]
}
