{
  "displayName": "P-08 Luger",
  "internalName": "w44.luger",
  "iconName": "w44.luger",
  "gunDamage": 8,
  "roundsPerMin": 250,
  "acceptedAmmo": ["w44.lugerammo"],
  "fireModes": ["semi"],
  
  "recoilPitch": 10.0,
  "recoilYaw": 1.0,
  "randomRecoilPitch": 0.5,
  "randomRecoilYaw": 0.5,
  
  "modelName": "w44.luger",
  "weaponSounds": [
    {
      "soundEvent": "weaponFire",
      "soundName": "lugershoot",
      "soundNameDistant": "shoot.mwp.ak1.far",
      "soundRange": 64,
      "soundMaxRange": 96,
      "soundFadeMultiplier": 1
    },
    {
      "soundEvent": "weaponReload",
      "soundName": "lugerreload"
    }
  ],
  "acceptedAttachments": 
  {
    "sight": [""]
  },
  "modelSkins":
  [
    {
      "skinAsset": "w44.skin_luger",
      "displayName": "P-08 Luger - Default"
    }
  ]
}
