{
  "displayName": "Walther PPk",
  "internalName": "w44.ppk",
  "iconName": "w44.ppk",
  "gunDamage": 6,
  "roundsPerMin": 250,
  "acceptedAmmo": ["w44.ppkammo"],
  "fireModes": ["semi"],
  "recoilPitch": 5.5,
  "allowSprintFiring": true,
  "recoilYaw": 1.0,
  "randomRecoilPitch": 0.5,
  "randomRecoilYaw": 0.5,
  "modelName": "w44.ppk",
  "weaponSoundMap": {
    "weaponFire": [
        {
            "soundEvent": "weaponFire",
            "soundName": "coltshoot",
            "soundRange": 64,
            "soundMaxRange": 96,
            "soundFadeMultiplier": 1
        }
    ],
    "weaponReload": [
      {
        "soundEvent": "weaponReload",
        "soundName": "ppkreload"
      }
    ],
    "weaponReloadEmpty": [
      {
        "soundEvent": "weaponReloadEmpty",
        "soundName": "ppkreload"
      }
    ]
  },
  "acceptedAttachments": {
    "sight": ["w44.aimpoint"]
  },
  "modelSkins":
  [
    {
      "skinAsset": "w44.skin_ppk",
      "displayName": "Walther PPk - Default"
    }
  ]
}
