{
  "displayName": "Walther PPk",
  "internalName": "w44.ppk",
  "iconName": "w44.ppk",
  "gunDamage": 8,
  "roundsPerMin": 250,
  "acceptedAmmo": ["w44.ppkammo"],
  "fireModes": ["semi"],
  
  "recoilPitch": 10.0,
  "recoilYaw": 1.0,
  "randomRecoilPitch": 0.5,
  "randomRecoilYaw": 0.5,
  
  "modelName": "w44.ppk",
  "weaponSoundMap": {
    "weaponFire": [
      {
        "soundEvent": "weaponFire",
        "soundName": "coltshoot",
        "soundNameDistant": "shoot.mwp.ak1.far",
        "soundRange": 64,
        "soundMaxRange": 96,
        "soundFadeMultiplier": 1
      }
    ],
    "weaponReloadEmpty": [
      {
        "soundEvent": "weaponReloadEmpty",
        "soundName": "coltreload",
        "soundNameDistant": "shoot.mwp.ak1.far",
        "soundRange": 64,
        "soundMaxRange": 96,
        "soundFadeMultiplier": 1
      }
    ],
    "weaponReload": [
      {
        "soundEvent": "weaponReload",
        "soundName": "coltreload",
        "soundNameDistant": "shoot.mwp.ak1.far",
        "soundRange": 64,
        "soundMaxRange": 96,
        "soundFadeMultiplier": 1
      }
    ],
    "weaponUnload": [
      {
        "soundEvent": "weaponUnload",
        "soundName": "coltreload",
        "soundNameDistant": "shoot.mwp.ak1.far",
        "soundRange": 64,
        "soundMaxRange": 96,
        "soundFadeMultiplier": 1
      }
    ],
    "weaponLoad": [
      {
        "soundEvent": "weaponLoad",
        "soundName": "coltreload",
        "soundNameDistant": "shoot.mwp.ak1.far",
        "soundRange": 64,
        "soundMaxRange": 96,
        "soundFadeMultiplier": 1
      }
    ]
  },
  "acceptedAttachments": 
  {
    "sight": [""]
  },
  "modelSkins":
  [
    {
      "skinAsset": "w44.skin_ppk",
      "displayName": "Walther PPk - Default"
    }
  ]
}
