{
  "displayName": "PPs-43",
  "internalName": "w44.pps-43",
  "iconName": "w44.pps-43",
  "gunDamage": 6,
  "roundsPerMin": 600,
  "acceptedAmmo": ["w44.pps4143stickammo"],
  "fireModes": ["full", "semi"],
  "dynamicAmmo": true,
  "recoilPitch": 5.0,
  "recoilYaw": 1.0,
  "randomRecoilPitch": 0.5,
  "randomRecoilYaw": 0.5,
  "modelName": "w44.pps43",
  "weaponSoundMap": {
    "weaponFire": [
        {
            "soundEvent": "weaponFire",
            "soundName": "pps43shoot",
            "soundRange": 64,
            "soundMaxRange": 96,
            "soundFadeMultiplier": 1
        }
    ],
    "weaponReload": [
      {
        "soundEvent": "weaponReload",
        "soundName": "stg44reload"
      }
    ]
  },
  "acceptedAttachments": 
  {
    "sight": [""]
  },
  "modelSkins":
  [
    {
      "skinAsset": "w44.skin_pps-43",
      "displayName": "PPs-43 - Default"
    }
  ]
}
