{
  "displayName": "PPSh-41",
  "internalName": "w44.ppsh-41",
  "iconName": "w44.ppsh-41",
  "gunDamage": 5,
  "roundsPerMin": 1000,
  "acceptedAmmo": ["w44.pps4143stickammo","w44.ppsh41drumammo"],
  "fireModes": ["full", "semi"],
  "dynamicAmmo": true,
  "recoilPitch": 4.0,
  "recoilYaw": 1.0,
  "randomRecoilPitch": 0.5,
  "randomRecoilYaw": 0.5,
  "modelName": "w44.ppsh41",
  "weaponSoundMap": {
    "weaponFire": [
        {
            "soundEvent": "weaponFire",
            "soundName": "ppsh41shoot",
            "soundRange": 64,
            "soundMaxRange": 96,
            "soundFadeMultiplier": 1
        }
    ],
    "weaponReload": [
      {
        "soundEvent": "weaponReload",
        "soundName": "stg44reload"
      }
    ]
  },
  "acceptedAttachments": 
  {
    "sight": [""]
  },
  "modelSkins":
  [
    {
      "skinAsset": "w44.skin_ppsh-41",
      "displayName": "PPSh-41 - Default"
    }
  ]
}
