{
  "displayName": "SKS",
  "internalName": "w44.sks",
  "iconName": "w44.sks",
  "gunDamage": 12,
  "roundsPerMin": 275,
  "acceptedAmmo": ["w44.sksammo"],
  "fireModes": ["semi"],
  
  "recoilPitch": 7.0,
  "recoilYaw": 1.0,
  "randomRecoilPitch": 0.5,
  "randomRecoilYaw": 0.5,
  
  "modelName": "w44.sks",
  "weaponSoundMap": {
    "weaponFire": [
        {
            "soundEvent": "weaponFire",
            "soundName": "sksshoot",
            "soundRange": 64,
            "soundMaxRange": 96,
            "soundFadeMultiplier": 1
        }
    ],
    "weaponReload": [
      {
        "soundEvent": "weaponReload",
        "soundName": "g43reload"
      }
    ]
},
  "acceptedAttachments": 
  {
    "sight": [""]
  },
  "modelSkins":
  [
    {
      "skinAsset": "w44.skin_sks",
      "displayName": "SKS - Default"
    }
  ]
}
