{
  "displayName": "Sten Mk. II",
  "internalName": "w44.sten",
  "iconName": "w44.sten",
  "gunDamage": 7,
  "roundsPerMin": 450,
  "acceptedAmmo": ["w44.stenammo"],
  "fireModes": ["full", "semi"],
  "recoilPitch": 6.0,
  "recoilYaw": 1.0,
  "randomRecoilPitch": 0.5,
  "randomRecoilYaw": 0.5,
  "modelName": "w44.sten",
  "weaponSoundMap": {
    "weaponFire": [
        {
            "soundEvent": "weaponFire",
            "soundName": "stenshoot",
            "soundRange": 64,
            "soundMaxRange": 96,
            "soundFadeMultiplier": 1
        }
    ],
    "weaponReload": [
      {
        "soundEvent": "weaponReload",
        "soundName": "stg44reload"
      }
    ]
  },
  "acceptedAttachments": 
  {
    "sight": [""]
  },
  "modelSkins":
  [
    {
      "skinAsset": "w44.skin_sten",
      "displayName": "Sten Mk. II - Default"
    }
  ]
}
