{
  "displayName": "StG-44",
  "internalName": "w44.stg-44",
  "iconName": "w44.stg-44",
  "gunDamage": 10,
  "roundsPerMin": 600,
  "acceptedAmmo": ["w44.stg-44ammo"],
  "fireModes": ["full", "semi"],
  
  "recoilPitch": 10.0,
  "recoilYaw": 1.0,
  "randomRecoilPitch": 0.5,
  "randomRecoilYaw": 0.5,
  
  "modelName": "w44.stg44",
  "weaponSounds": [
    {
      "soundEvent": "weaponFire",
      "soundName": "stg44shoot",
      "soundNameDistant": "shoot.mwp.ak1.far",
      "soundRange": 64,
      "soundMaxRange": 96,
      "soundFadeMultiplier": 1
    },
    {
      "soundEvent": "weaponReload",
      "soundName": "stg44reload"
    }
  ],
  "acceptedAttachments": 
  {
    "sight": [""]
  },
  "modelSkins":
  [
    {
      "skinAsset": "w44.skin_stg-44",
      "displayName": "StG-44 - Default"
    }
  ]
}
