{
  "displayName": "TT33",
  "internalName": "w44.tt33",
  "iconName": "w44.tt33",
  "gunDamage": 5,
  "roundsPerMin": 250,
  "acceptedAmmo": ["w44.tt33ammo"],
  "fireModes": ["semi"],
  
  "recoilPitch": 6.0,
  "recoilYaw": 1.0,
  "randomRecoilPitch": 0.5,
  "randomRecoilYaw": 0.5,
  
  "modelName": "w44.tt33",
  "weaponSoundMap": {
        "weaponFire": [
            {
                "soundEvent": "weaponFire",
                "soundName": "c96shoot",
                "soundRange": 64,
                "soundMaxRange": 96,
                "soundFadeMultiplier": 1
            }
        ],
        "weaponReload": [
          {
            "soundEvent": "weaponReload",
            "soundName": "tt33reload"
          }
        ]
  },
  "acceptedAttachments": 
  {
    "sight": [""]
  },
  "modelSkins":
  [
    {
      "skinAsset": "w44.skin_tt33",
      "displayName": "Mauser tt33 - Default"
    }
  ]
}
