{
  "displayName": "Webley Mk VI Revolver",
  "internalName": "w44.webleymkvi",
  "iconName": "w44.webleymkvi",
  "gunDamage": 7,
  "roundsPerMin": 250,
  "acceptedAmmo": ["w44.webleymkviammo"],
  "fireModes": ["semi"],
  
  "recoilPitch": 10.0,
  "recoilYaw": 1.0,
  "randomRecoilPitch": 0.5,
  "randomRecoilYaw": 0.5,
  
  "modelName": "w44.webleymkvi",
  "weaponSoundMap": {
    "weaponFire": [
        {
            "soundEvent": "weaponFire",
            "soundName": "stg44shoot",
            "soundRange": 64,
            "soundMaxRange": 96,
            "soundFadeMultiplier": 1
        }
    ],
    "weaponReload": [
      {
        "soundEvent": "weaponReload",
        "soundName": "webleyreload"
      }
    ]
  },
  "acceptedAttachments": 
  {
    "sight": [""]
  },
  "modelSkins":
  [
    {
      "skinAsset": "w44.skin_webleymkvi",
      "displayName": "Webley Mk VI Revolver - Default"
    }
  ]
}
