{
  "internalName": "w44.germanofficer",
  "modelName": "w44.armor.germanofficer",
  "armorTypes":
  {
    "head":
    {
      "displayName": "German Hat"
    },
    "chest":
    {
      "displayName": "German Chest"
    },
    "legs":
    {
      "displayName": "German Pants"
    },
    "feet":
    {
      "displayName": "German Boots"
    }
  },
  "modelSkins":
  [
    {
      "skinAsset": "w44.skin_americanm41fielduniform",
      "displayName": "German Officer Uniform - Default"
    }
  ]
}