{
"ppkreload":{"category": "player","subtitle": "MW Sound","sounds": ["arsenalmod:ppkreload"]},
"coltshoot":{"category": "player","subtitle": "MW Sound","sounds": ["arsenalmod:coltshoot"]},
"mg34reload":{"category": "player","subtitle": "MW Sound","sounds": ["arsenalmod:mg34reload"]},
"mg34shoot":{"category": "player","subtitle": "MW Sound","sounds": ["arsenalmod:mg34shoot"]},
"g43reload":{"category": "player","subtitle": "MW Sound","sounds": ["arsenalmod:g43reload"]},
"m1garandshoot":{"category": "player","subtitle": "MW Sound","sounds": ["arsenalmod:m1garandshoot"]},
"m1carbineshoot":{"category": "player","subtitle": "MW Sound","sounds": ["arsenalmod:m1carbineshoot"]},
"stg44reload":{"category": "player","subtitle": "MW Sound","sounds": ["arsenalmod:stg44reload"]},
"stenshoot":{"category": "player","subtitle": "MW Sound","sounds": ["arsenalmod:stenshoot"]},
"30calshoot":{"category": "player","subtitle": "MW Sound","sounds": ["arsenalmod:30calshoot"]},
"lugerreload":{"category": "player","subtitle": "MW Sound","sounds": ["arsenalmod:lugerreload"]},
"lugershoot":{"category": "player","subtitle": "MW Sound","sounds": ["arsenalmod:lugershoot"]},
"ppsh41shoot":{"category": "player","subtitle": "MW Sound","sounds": ["arsenalmod:ppsh41shoot"]},
"fg42reload":{"category": "player","subtitle": "MW Sound","sounds": ["arsenalmod:fg42reload"]},
"fg42shoot":{"category": "player","subtitle": "MW Sound","sounds": ["arsenalmod:fg42shoot"]},
"m1911coltreload":{"category": "player","subtitle": "MW Sound","sounds": ["arsenalmod:m1911coltreload"]},
"sksshoot":{"category": "player","subtitle": "MW Sound","sounds": ["arsenalmod:sksshoot"]},
"sterlingshoot":{"category": "player","subtitle": "MW Sound","sounds": ["arsenalmod:sterlingshoot"]},
"pps43shoot":{"category": "player","subtitle": "MW Sound","sounds": ["arsenalmod:pps43shoot"]},
"modelm10trenchgunreload":{"category": "player","subtitle": "MW Sound","sounds": ["arsenalmod:modelm10trenchgunreload"]},
"modelm10trenchgunshoot":{"category": "player","subtitle": "MW Sound","sounds": ["arsenalmod:modelm10trenchgunshoot"]},
"mosinnagantreload":{"category": "player","subtitle": "MW Sound","sounds": ["arsenalmod:mosinnagantreload"]},
"mosinnagantshoot":{"category": "player","subtitle": "MW Sound","sounds": ["arsenalmod:mosinnagantshoot"]},
"tt33reload":{"category": "player","subtitle": "MW Sound","sounds": ["arsenalmod:tt33reload"]},
"c96shoot":{"category": "player","subtitle": "MW Sound","sounds": ["arsenalmod:c96shoot"]},
"g43shoot":{"category": "player","subtitle": "MW Sound","sounds": ["arsenalmod:g43shoot"]},
"thompsonm1a1shoot":{"category": "player","subtitle": "MW Sound","sounds": ["arsenalmod:thompsonm1a1shoot"]},
"leeenfieldreload":{"category": "player","subtitle": "MW Sound","sounds": ["arsenalmod:leeenfieldreload"]},
"leeenfieldshoot":{"category": "player","subtitle": "MW Sound","sounds": ["arsenalmod:leeenfieldshoot"]},
"m-712reload":{"category": "player","subtitle": "MW Sound","sounds": ["arsenalmod:m-712reload"]},
"mg42reload":{"category": "player","subtitle": "MW Sound","sounds": ["arsenalmod:mg42reload"]},
"mg42shoot":{"category": "player","subtitle": "MW Sound","sounds": ["arsenalmod:mg42shoot"]},
"webleyreload":{"category": "player","subtitle": "MW Sound","sounds": ["arsenalmod:webleyreload"]},
"stg44shoot":{"category": "player","subtitle": "MW Sound","sounds": ["arsenalmod:stg44shoot"]},
"winchestermodel70reload":{"category": "player","subtitle": "MW Sound","sounds": ["arsenalmod:winchestermodel70reload"]},
"winchestermodel70shoot":{"category": "player","subtitle": "MW Sound","sounds": ["arsenalmod:winchestermodel70shoot"]},
"shoot_mg_dt28":{"category": "player","subtitle": "MW Sound","sounds": ["arsenalmod:shoot_mg_dt28"]},
"type99shoot":{"category": "player","subtitle": "MW Sound","sounds": ["arsenalmod:type99shoot"]},
"barshoot":{"category": "player","subtitle": "MW Sound","sounds": ["arsenalmod:barshoot"]},
"mp40shoot":{"category": "player","subtitle": "MW Sound","sounds": ["arsenalmod:mp40shoot"]},
"m1903springfieldreload":{"category": "player","subtitle": "MW Sound","sounds": ["arsenalmod:m1903springfieldreload"]},
"m1903springfieldshoot":{"category": "player","subtitle": "MW Sound","sounds": ["arsenalmod:m1903springfieldshoot"]},
"kar98kreload":{"category": "player","subtitle": "MW Sound","sounds": ["arsenalmod:kar98kreload"]},
"kar98kshoot":{"category": "player","subtitle": "MW Sound","sounds": ["arsenalmod:kar98kshoot"]},
"greasegunshoot":{"category": "player","subtitle": "MW Sound","sounds": ["arsenalmod:greasegunshoot"]},
"mg26treload":{"category": "player","subtitle": "MW Sound","sounds": ["arsenalmod:mg26treload"]},
"brenshoot":{"category": "player","subtitle": "MW Sound","sounds": ["arsenalmod:brenshoot"]},
"oldmg34shoot":{"category": "player","subtitle": "MW Sound","sounds": ["arsenalmod:oldmg34shoot"]},
"modell1915shoot":{"category": "player","subtitle": "MW Sound","sounds": ["arsenalmod:modell1915shoot"]},
"dp28shoot":{"category": "player","subtitle": "MW Sound","sounds": ["arsenalmod:dp28shoot"]},
"c-96reload":{"category": "player","subtitle": "MW Sound","sounds": ["arsenalmod:c-96reload"]},
"omw.c96shoot.m4":{"category": "player","subtitle": "MW Sound","sounds": ["arsenalmod:omw.c96shoot.m4"]},
"mg15reload":{"category": "player","subtitle": "MW Sound","sounds": ["arsenalmod:mg15reload"]},
"planemgshoot":{"category": "player","subtitle": "MW Sound","sounds": ["arsenalmod:planemgshoot"]}
}
