{
"coltshoot":{"category": "player","subtitle": "MW Sound","sounds": ["arsenalmod:coltshoot"]},
  "emptyclip":{"category": "player","subtitle": "MW Sound","sounds": ["arsenalmod:emptyclip"]},
  "coltreload":{"category": "player","subtitle": "MW Sound","sounds": ["arsenalmod:coltreload"]},
  "shoot.mwp.ak1.far":{"category": "player","subtitle": "MW Sound","sounds": ["arsenalmod:shoot.mwp.ak1.far"]},
"mg34shoot":{"category": "player","subtitle": "MW Sound","sounds": ["arsenalmod:mg34shoot"]},
  "mg34reload":{"category": "player","subtitle": "MW Sound","sounds": ["arsenalmod:mg34reload"]},
"m1garandshoot":{"category": "player","subtitle": "MW Sound","sounds": ["arsenalmod:m1garandshoot"]},
  "m1garandreload":{"category": "player","subtitle": "MW Sound","sounds": ["arsenalmod:m1garandreload"]},
"m1carbineshoot":{"category": "player","subtitle": "MW Sound","sounds": ["arsenalmod:m1carbineshoot"]},
  "m1carbinereload":{"category": "player","subtitle": "MW Sound","sounds": ["arsenalmod:m1carbinereload"]},
  "30calshoot":{"category": "player","subtitle": "MW Sound","sounds": ["arsenalmod:30calshoot"]},
"lugershoot":{"category": "player","subtitle": "MW Sound","sounds": ["arsenalmod:lugershoot"]},
"ppsh41shoot":{"category": "player","subtitle": "MW Sound","sounds": ["arsenalmod:ppsh41shoot"]},
"fg42shoot":{"category": "player","subtitle": "MW Sound","sounds": ["arsenalmod:fg42shoot"]},
"pps43shoot":{"category": "player","subtitle": "MW Sound","sounds": ["arsenalmod:pps43shoot"]},
"modelm10trenchgunshoot":{"category": "player","subtitle": "MW Sound","sounds": ["arsenalmod:modelm10trenchgunshoot"]},
"mosinnagantshoot":{"category": "player","subtitle": "MW Sound","sounds": ["arsenalmod:mosinnagantshoot"]},
"g43shoot":{"category": "player","subtitle": "MW Sound","sounds": ["arsenalmod:g43shoot"]},
"thompsonm1a1shoot":{"category": "player","subtitle": "MW Sound","sounds": ["arsenalmod:thompsonm1a1shoot"]},
"c96shoot":{"category": "player","subtitle": "MW Sound","sounds": ["arsenalmod:c96shoot"]},
"mg42shoot":{"category": "player","subtitle": "MW Sound","sounds": ["arsenalmod:mg42shoot"]},
"winchestermodel70shoot":{"category": "player","subtitle": "MW Sound","sounds": ["arsenalmod:winchestermodel70shoot"]},
"shoot_mg_dt28":{"category": "player","subtitle": "MW Sound","sounds": ["arsenalmod:shoot_mg_dt28"]},
"stg44shoot":{"category": "player","subtitle": "MW Sound","sounds": ["arsenalmod:stg44shoot"]},
"barshoot":{"category": "player","subtitle": "MW Sound","sounds": ["arsenalmod:barshoot"]},
"mp40shoot":{"category": "player","subtitle": "MW Sound","sounds": ["arsenalmod:mp40shoot"]},
"m1903springfieldshoot":{"category": "player","subtitle": "MW Sound","sounds": ["arsenalmod:m1903springfieldshoot"]},
"kar98kshoot":{"category": "player","subtitle": "MW Sound","sounds": ["arsenalmod:kar98kshoot"]},
"greasegunshoot":{"category": "player","subtitle": "MW Sound","sounds": ["arsenalmod:greasegunshoot"]},
"oldmg34shoot":{"category": "player","subtitle": "MW Sound","sounds": ["arsenalmod:oldmg34shoot"]},
"modell1915shoot":{"category": "player","subtitle": "MW Sound","sounds": ["arsenalmod:modell1915shoot"]},
"dp28shoot":{"category": "player","subtitle": "MW Sound","sounds": ["arsenalmod:dp28shoot"]},
"planemgshoot":{"category": "player","subtitle": "MW Sound","sounds": ["arsenalmod:planemgshoot"]}
}
