{
    "internalName": "omw.m4a1",
    "displayName": "M4A1",
    "modelName": "omw.guns.m4a1",
    "weaponType": "carbine",
    "gunDamage": 6,
    "roundsPerMin": 500,

    "recoilPitch": 10.0,
    "recoilYaw": 1.0,
    "randomRecoilPitch": 0.5,
    "randomRecoilYaw": 0.5,

    "fireModes": ["full"],
    "acceptedAmmo": ["omw.m4a1ammo"],
    "weaponSoundMap": {
        "weaponFire": [
            {
                "soundEvent": "weaponFire",
                "soundName": "coltshoot",
                "soundNameDistant": "shoot.mwp.ak1.far",
                "soundRange": 64,
                "soundMaxRange": 96,
                "soundFadeMultiplier": 1
            }
        ],
        "weaponReloadEmpty": [
            {
                "soundEvent": "weaponReloadEmpty",
                "soundName": "coltreload",
                "soundNameDistant": "shoot.mwp.ak1.far",
                "soundRange": 64,
                "soundMaxRange": 96,
                "soundFadeMultiplier": 1
            }
        ],
        "weaponReload": [
            {
                "soundEvent": "weaponReload",
                "soundName": "coltreload",
                "soundNameDistant": "shoot.mwp.ak1.far",
                "soundRange": 64,
                "soundMaxRange": 96,
                "soundFadeMultiplier": 1
            }
        ],
        "weaponUnload": [
            {
                "soundEvent": "weaponUnload",
                "soundName": "coltreload",
                "soundNameDistant": "shoot.mwp.ak1.far",
                "soundRange": 64,
                "soundMaxRange": 96,
                "soundFadeMultiplier": 1
            }
        ],
        "weaponLoad": [
            {
                "soundEvent": "weaponLoad",
                "soundName": "coltreload",
                "soundNameDistant": "shoot.mwp.ak1.far",
                "soundRange": 64,
                "soundMaxRange": 96,
                "soundFadeMultiplier": 1
            }
        ]
    }
}