{
  "omw.shoot.m4": {
    "category": "player",
    "subtitle": "MW Sound",
    "sounds": [
      "modularwarfare:omw.shoot.m4"
    ]
  },
  "omw.shoot.m4_distant": {
    "category": "player",
    "subtitle": "MW Sound",
    "sounds": [
      "modularwarfare:omw.shoot.m4_distant"
    ]
  },
  "omw.reload.m4": {
    "category": "player",
    "subtitle": "MW Sound",
    "sounds": [
      "modularwarfare:omw.reload.m4"
    ]
  },
  "omw.load.m4": {
    "category": "player",
    "subtitle": "MW Sound",
    "sounds": [
      "modularwarfare:omw.load.m4"
    ]
  },
  "omw.unload.m4": {
    "category": "player",
    "subtitle": "MW Sound",
    "sounds": [
      "modularwarfare:omw.unload.m4"
    ]
  }
}